{
    "治理": {
        "治理": 1.0,
        "定向": 0.28439998626708984,
        "中国": 0.9998999834060669,
        "发展": 0.9998999834060669,
        "存活": -0.07569999992847443,
        "社会": 0.9998999834060669,
        "互嵌式": 0.3522999882698059,
        "政策": 0.9998999834060669,
        "政府": 0.9998999834060669,
        "制度": 0.9998000264167786,
        "精神家园": 0.29190000891685486,
        "合宜": 0.04179999977350235
    },
    "定向": {
        "治理": 0.28439998626708984,
        "定向": 1.0,
        "中国": 0.2838999927043915,
        "发展": 0.28439998626708984,
        "存活": -0.02979999966919422,
        "社会": 0.2849000096321106,
        "互嵌式": 0.06369999796152115,
        "政策": 0.2838999927043915,
        "政府": 0.28439998626708984,
        "制度": 0.2851000130176544,
        "精神家园": 0.07150000333786011,
        "合宜": 0.0551999993622303
    },
    "中国": {
        "治理": 0.9998999834060669,
        "定向": 0.2838999927043915,
        "中国": 1.0,
        "发展": 0.9998999834060669,
        "存活": -0.07590000331401825,
        "社会": 0.9998999834060669,
        "互嵌式": 0.3529999852180481,
        "政策": 0.9998999834060669,
        "政府": 0.9998999834060669,
        "制度": 0.9998999834060669,
        "精神家园": 0.29170000553131104,
        "合宜": 0.041200000792741776
    },
    "发展": {
        "治理": 0.9998999834060669,
        "定向": 0.28439998626708984,
        "中国": 0.9998999834060669,
        "发展": 1.0,
        "存活": -0.07519999891519547,
        "社会": 0.9998999834060669,
        "互嵌式": 0.35249999165534973,
        "政策": 0.9998999834060669,
        "政府": 0.9998999834060669,
        "制度": 0.9998000264167786,
        "精神家园": 0.2915000021457672,
        "合宜": 0.041600000113248825
    },
    "存活": {
        "治理": -0.07569999992847443,
        "定向": -0.02979999966919422,
        "中国": -0.07590000331401825,
        "发展": -0.07519999891519547,
        "存活": 1.0,
        "社会": -0.0754999965429306,
        "互嵌式": -0.024399999529123306,
        "政策": -0.07639999687671661,
        "政府": -0.07540000230073929,
        "制度": -0.07590000331401825,
        "精神家园": 0.0017000000225380063,
        "合宜": 0.002400000113993883
    },
    "社会": {
        "治理": 0.9998999834060669,
        "定向": 0.2849000096321106,
        "中国": 0.9998999834060669,
        "发展": 0.9998999834060669,
        "存活": -0.0754999965429306,
        "社会": 1.0,
        "互嵌式": 0.352400004863739,
        "政策": 0.9998999834060669,
        "政府": 0.9998999834060669,
        "制度": 0.9998000264167786,
        "精神家园": 0.29170000553131104,
        "合宜": 0.042100001126527786
    },
    "互嵌式": {
        "治理": 0.3522999882698059,
        "定向": 0.06369999796152115,
        "中国": 0.3529999852180481,
        "发展": 0.35249999165534973,
        "存活": -0.024399999529123306,
        "社会": 0.352400004863739,
        "互嵌式": 1.0,
        "政策": 0.3522000014781952,
        "政府": 0.3528999984264374,
        "制度": 0.3521000146865845,
        "精神家园": 0.11410000175237656,
        "合宜": -0.014800000004470348
    },
    "政策": {
        "治理": 0.9998999834060669,
        "定向": 0.2838999927043915,
        "中国": 0.9998999834060669,
        "发展": 0.9998999834060669,
        "存活": -0.07639999687671661,
        "社会": 0.9998999834060669,
        "互嵌式": 0.3522000014781952,
        "政策": 1.0,
        "政府": 0.9998999834060669,
        "制度": 0.9998000264167786,
        "精神家园": 0.2913999855518341,
        "合宜": 0.04179999977350235
    },
    "政府": {
        "治理": 0.9998999834060669,
        "定向": 0.28439998626708984,
        "中国": 0.9998999834060669,
        "发展": 0.9998999834060669,
        "存活": -0.07540000230073929,
        "社会": 0.9998999834060669,
        "互嵌式": 0.3528999984264374,
        "政策": 0.9998999834060669,
        "政府": 1.0,
        "制度": 0.9998000264167786,
        "精神家园": 0.2915000021457672,
        "合宜": 0.041999999433755875
    },
    "制度": {
        "治理": 0.9998000264167786,
        "定向": 0.2851000130176544,
        "中国": 0.9998999834060669,
        "发展": 0.9998000264167786,
        "存活": -0.07590000331401825,
        "社会": 0.9998000264167786,
        "互嵌式": 0.3521000146865845,
        "政策": 0.9998000264167786,
        "政府": 0.9998000264167786,
        "制度": 1.0,
        "精神家园": 0.2922999858856201,
        "合宜": 0.04230000078678131
    },
    "精神家园": {
        "治理": 0.29190000891685486,
        "定向": 0.07150000333786011,
        "中国": 0.29170000553131104,
        "发展": 0.2915000021457672,
        "存活": 0.0017000000225380063,
        "社会": 0.29170000553131104,
        "互嵌式": 0.11410000175237656,
        "政策": 0.2913999855518341,
        "政府": 0.2915000021457672,
        "制度": 0.2922999858856201,
        "精神家园": 1.0,
        "合宜": 0.02070000022649765
    },
    "合宜": {
        "治理": 0.04179999977350235,
        "定向": 0.0551999993622303,
        "中国": 0.041200000792741776,
        "发展": 0.041600000113248825,
        "存活": 0.002400000113993883,
        "社会": 0.042100001126527786,
        "互嵌式": -0.014800000004470348,
        "政策": 0.04179999977350235,
        "政府": 0.041999999433755875,
        "制度": 0.04230000078678131,
        "精神家园": 0.02070000022649765,
        "合宜": 1.0
    }
}